{
    "success": true,
    "features_ohm": {
        "R_sei": 0.002442,
        "R_ct": 0.004104,
        "R_diff": 0
    },
    "peaks_detected": 2,
    "peak_details": [
        {
            "tau_s": 0.0015192110529847055,
            "freq_hz": 104.76157527896659,
            "intensity": 0.0037602426533705096
        },
        {
            "tau_s": 0.04639451043237957,
            "freq_hz": 3.4304692863149215,
            "intensity": 0.005730903010709213
        }
    ]
}